Concelho,Temp_Max,Temp_Min,Hum_Max,Hum_Min,Vento_Int,Vento_Dir,Precip,Risco,ID_Tempo,Dia
Arcos de Valdevez,27.0,15.7,0.8959999999999999,0.523,Fraco,NW,Sem Chuva,N/D,3,27/09/2026
Caminha,21.8,15.7,0.94,0.659,Fraco,NW,Sem Chuva,N/D,3,27/09/2026
Melgaço,25.2,15.7,0.888,0.586,Fraco,W,Sem Chuva,N/D,3,27/09/2026
Monção,24.3,15.5,0.909,0.643,Fraco,NW,Sem Chuva,N/D,3,27/09/2026
Paredes de Coura,23.2,14.2,0.897,0.557,Fraco,NE,Sem Chuva,N/D,3,27/09/2026
Ponte da Barca,27.1,15.9,0.897,0.523,Fraco,NW,Sem Chuva,N/D,3,27/09/2026
Ponte de Lima,25.6,14.5,0.9620000000000001,0.53,Fraco,NW,Sem Chuva,N/D,3,27/09/2026
Valença,24.7,15.5,0.95,0.593,Fraco,N,Sem Chuva,N/D,3,27/09/2026
Viana do Castelo,22.9,14.4,0.997,0.62,Fraco,NW,Sem Chuva,N/D,4,27/09/2026
Vila Nova de Cerveira,24.2,13.8,0.958,0.596,Fraco,NE,Sem Chuva,N/D,3,27/09/2026
Arcos de Valdevez,24.9,14.4,0.9740000000000001,0.614,Fraco,SW,Chuva Fraca,N/D,7,28/09/2026
Caminha,21.0,14.4,0.98,0.8,Fraco,SE,Sem Chuva,N/D,3,28/09/2026
Melgaço,25.2,14.4,0.9470000000000001,0.608,Fraco,SW,Chuva Moderada,N/D,6,28/09/2026
Monção,25.5,14.4,0.93,0.612,Fraco,SW,Chuva Moderada,N/D,6,28/09/2026
Paredes de Coura,22.7,12.8,0.97,0.649,Fraco,SW,Chuva Fraca,N/D,7,28/09/2026
Ponte da Barca,25.1,14.6,0.9740000000000001,0.615,Fraco,SW,Chuva Fraca,N/D,7,28/09/2026
Ponte de Lima,23.3,13.3,1.0,0.638,Fraco,SW,Chuva Fraca,N/D,7,28/09/2026
Valença,25.6,14.2,0.9840000000000001,0.631,Fraco,SW,Chuva Fraca,N/D,7,28/09/2026
Viana do Castelo,21.4,14.3,1.0,0.785,Fraco,SW,Sem Chuva,N/D,3,28/09/2026
Vila Nova de Cerveira,24.3,13.3,0.976,0.6970000000000001,Fraco,SW,Chuva Fraca,N/D,7,28/09/2026
Arcos de Valdevez,24.7,17.2,0.982,0.638,Moderado,S,Chuva Moderada,N/D,9,29/09/2026
Caminha,22.2,17.2,0.982,0.6940000000000001,Moderado,S,Chuva Moderada,N/D,9,29/09/2026
Melgaço,25.6,15.8,0.951,0.541,Moderado,S,Chuva Moderada,N/D,9,29/09/2026
Monção,25.7,16.5,0.934,0.552,Moderado,S,Chuva Moderada,N/D,9,29/09/2026
Paredes de Coura,22.6,16.1,0.975,0.6579999999999999,Moderado,S,Chuva Moderada,N/D,9,29/09/2026
Ponte da Barca,24.9,17.4,0.982,0.638,Moderado,S,Chuva Moderada,N/D,9,29/09/2026
Ponte de Lima,24.7,16.6,0.993,0.6629999999999999,Fraco,S,Chuva Moderada,N/D,9,29/09/2026
Valença,25.5,18.1,0.963,0.616,Moderado,S,Chuva Moderada,N/D,9,29/09/2026
Viana do Castelo,24.5,17.1,0.9470000000000001,0.622,Moderado,S,Chuva Moderada,N/D,9,29/09/2026
Vila Nova de Cerveira,25.2,16.7,1.0,0.636,Moderado,S,Chuva Moderada,N/D,9,29/09/2026
Arcos de Valdevez,22.2,13.0,1.0,0.674,Fraco,SW,Chuva Fraca,N/D,7,30/09/2026
Caminha,20.5,14.4,0.996,0.743,Fraco,SE,Chuva Fraca,N/D,7,30/09/2026
Melgaço,21.4,12.8,1.0,0.664,Fraco,SW,Chuva Fraca,N/D,7,30/09/2026
Monção,22.2,13.2,1.0,0.652,Fraco,SW,Chuva Fraca,N/D,7,30/09/2026
Paredes de Coura,20.0,11.8,1.0,0.6779999999999999,Fraco,SW,Chuva Fraca,N/D,7,30/09/2026
Ponte da Barca,22.4,13.2,1.0,0.6779999999999999,Fraco,SW,Chuva Fraca,N/D,7,30/09/2026
Ponte de Lima,21.8,12.1,1.0,0.69,Fraco,W,Chuva Fraca,N/D,7,30/09/2026
Valença,22.7,13.5,1.0,0.653,Fraco,SW,Chuva Fraca,N/D,7,30/09/2026
Viana do Castelo,21.1,12.8,1.0,0.7440000000000001,Fraco,W,Chuva Fraca,N/D,7,30/09/2026
Vila Nova de Cerveira,22.5,11.9,1.0,0.652,Fraco,SW,Chuva Fraca,N/D,7,30/09/2026
Arcos de Valdevez,24.2,11.1,1.0,0.499,Fraco,NE,Sem Chuva,N/D,5,01/10/2026
Caminha,20.6,12.7,0.983,0.6679999999999999,Moderado,N,Sem Chuva,N/D,2,01/10/2026
Melgaço,23.4,10.7,1.0,0.508,Fraco,E,Sem Chuva,N/D,2,01/10/2026
Monção,24.0,10.4,1.0,0.47,Fraco,E,Sem Chuva,N/D,2,01/10/2026
Paredes de Coura,21.8,9.6,1.0,0.495,Fraco,N,Sem Chuva,N/D,2,01/10/2026
Ponte da Barca,24.4,11.3,1.0,0.501,Fraco,NE,Sem Chuva,N/D,5,01/10/2026
Ponte de Lima,23.8,10.4,1.0,0.484,Fraco,N,Sem Chuva,N/D,2,01/10/2026
Valença,24.1,10.9,1.0,0.491,Fraco,NE,Sem Chuva,N/D,2,01/10/2026
Viana do Castelo,22.9,11.2,0.9790000000000001,0.561,Fraco,NW,Sem Chuva,N/D,5,01/10/2026
Vila Nova de Cerveira,23.6,10.1,1.0,0.5589999999999999,Fraco,NE,Sem Chuva,N/D,2,01/10/2026
Arcos de Valdevez,26.8,12.8,,,Fraco,NE,Sem Chuva,N/D,2,02/10/2026
Caminha,22.9,13.5,,,Fraco,NE,Sem Chuva,N/D,2,02/10/2026
Melgaço,25.9,12.3,,,Fraco,E,Sem Chuva,N/D,2,02/10/2026
Monção,26.2,12.4,,,Fraco,NE,Sem Chuva,N/D,2,02/10/2026
Paredes de Coura,24.6,10.8,,,Fraco,NE,Sem Chuva,N/D,2,02/10/2026
Ponte da Barca,27.0,13.0,,,Fraco,NE,Sem Chuva,N/D,2,02/10/2026
Ponte de Lima,26.5,11.6,,,Fraco,N,Sem Chuva,N/D,2,02/10/2026
Valença,26.7,12.4,,,Fraco,NE,Sem Chuva,N/D,2,02/10/2026
Viana do Castelo,25.1,12.2,,,Fraco,E,Sem Chuva,N/D,2,02/10/2026
Vila Nova de Cerveira,26.4,11.4,,,Fraco,NE,Sem Chuva,N/D,2,02/10/2026
Arcos de Valdevez,26.9,14.8,,,Fraco,NE,Chuva Fraca,N/D,7,03/10/2026
Caminha,23.2,15.4,,,Fraco,E,Sem Chuva,N/D,3,03/10/2026
Melgaço,26.3,14.5,,,Fraco,E,Chuva Moderada,N/D,6,03/10/2026
Monção,26.6,14.7,,,Fraco,E,Chuva Fraca,N/D,7,03/10/2026
Paredes de Coura,24.8,13.2,,,Fraco,NE,Chuva Fraca,N/D,7,03/10/2026
Ponte da Barca,27.1,15.0,,,Fraco,NE,Chuva Fraca,N/D,7,03/10/2026
Ponte de Lima,26.6,14.0,,,Fraco,NE,Chuva Fraca,N/D,7,03/10/2026
Valença,27.2,14.8,,,Fraco,NE,Chuva Fraca,N/D,7,03/10/2026
Viana do Castelo,25.4,14.9,,,Fraco,E,Sem Chuva,N/D,3,03/10/2026
Vila Nova de Cerveira,26.8,13.7,,,Fraco,NE,Sem Chuva,N/D,3,03/10/2026
Arcos de Valdevez,26.1,14.7,,,Fraco,NE,Chuva Fraca,N/D,7,04/10/2026
Caminha,22.7,15.4,,,Fraco,NE,Sem Chuva,N/D,3,04/10/2026
Melgaço,25.3,14.2,,,Fraco,E,Chuva Fraca,N/D,7,04/10/2026
Monção,25.7,14.4,,,Fraco,NE,Chuva Fraca,N/D,7,04/10/2026
Paredes de Coura,24.0,13.1,,,Fraco,N,Chuva Fraca,N/D,7,04/10/2026
Ponte da Barca,26.2,14.8,,,Fraco,NE,Chuva Fraca,N/D,7,04/10/2026
Ponte de Lima,25.7,14.0,,,Fraco,NE,Chuva Fraca,N/D,7,04/10/2026
Valença,26.4,14.8,,,Fraco,NE,Chuva Fraca,N/D,7,04/10/2026
Viana do Castelo,24.8,14.9,,,Fraco,NE,Sem Chuva,N/D,3,04/10/2026
Vila Nova de Cerveira,26.0,13.8,,,Fraco,NE,Chuva Fraca,N/D,7,04/10/2026
Arcos de Valdevez,25.8,13.5,,,Fraco,NE,Sem Chuva,N/D,3,05/10/2026
Caminha,22.2,14.6,,,Fraco,E,Sem Chuva,N/D,2,05/10/2026
Melgaço,25.0,13.1,,,Fraco,E,Sem Chuva,N/D,3,05/10/2026
Monção,25.3,13.3,,,Fraco,E,Sem Chuva,N/D,3,05/10/2026
Paredes de Coura,23.5,12.2,,,Fraco,NE,Sem Chuva,N/D,3,05/10/2026
Ponte da Barca,25.9,13.7,,,Fraco,NE,Sem Chuva,N/D,3,05/10/2026
Ponte de Lima,25.3,13.0,,,Fraco,NE,Sem Chuva,N/D,3,05/10/2026
Valença,25.9,13.8,,,Fraco,N,Sem Chuva,N/D,3,05/10/2026
Viana do Castelo,24.2,13.9,,,Fraco,E,Sem Chuva,N/D,2,05/10/2026
Vila Nova de Cerveira,25.3,12.8,,,Fraco,N,Sem Chuva,N/D,3,05/10/2026
